{
    "grass": {
        "Coastal Blue": 0.02646766233322478,
        "Blue": 0.03659554364740687,
        "Green": 0.08434213380103232,
        "Yellow": 0.05860440960148963,
        "Red": 0.040221612105201955,
        "Red Edge": 0.25460554425996806,
        "NIR1": 0.46779091630206066,
        "NIR2": 0.507593626996847
    },
    "dry_grass": {
        "Coastal Blue": 0.04842298515032861,
        "Blue": 0.06299730711051602,
        "Green": 0.09040809611887721,
        "Yellow": 0.09820829027792106,
        "Red": 0.11170594877718798,
        "Red Edge": 0.16755784862355477,
        "NIR1": 0.21584080473031914,
        "NIR2": 0.2504847261513674
    },
    "weed": {
        "Coastal Blue": 0.014672469100085564,
        "Blue": 0.021368335666646667,
        "Green": 0.054456013460395546,
        "Yellow": 0.03727808441348257,
        "Red": 0.024367240568723508,
        "Red Edge": 0.1831979127887646,
        "NIR1": 0.3444166622049407,
        "NIR2": 0.3666533007105162
    },
    "concrete": {
        "Coastal Blue": 0.1577771463257408,
        "Blue": 0.18356558464237366,
        "Green": 0.23434410898913596,
        "Yellow": 0.2572537017590745,
        "Red": 0.2663195229445077,
        "Red Edge": 0.2792039104531413,
        "NIR1": 0.28651398435642295,
        "NIR2": 0.29787471032114016
    },
    "black_asphalt": {
        "Coastal Blue": 0.047314714878205794,
        "Blue": 0.049641520878081456,
        "Green": 0.053976916902229624,
        "Yellow": 0.05726462194219374,
        "Red": 0.06002921119237022,
        "Red Edge": 0.061849491371941866,
        "NIR1": 0.06410433478088043,
        "NIR2": 0.06706338192361044
    },
    "soil": {
        "Coastal Blue": 0.049358664677777844,
        "Blue": 0.06086794257419843,
        "Green": 0.08796019867540975,
        "Yellow": 0.10522833809313578,
        "Red": 0.11655734531101808,
        "Red Edge": 0.12973643903295176,
        "NIR1": 0.1406486375829855,
        "NIR2": 0.15370322983095283
    },
    "rough_soil": {
        "Coastal Blue": 0.03354869680650276,
        "Blue": 0.04303974638309761,
        "Green": 0.07085053406500522,
        "Yellow": 0.09230807539755904,
        "Red": 0.10658006054642422,
        "Red Edge": 0.11713229291076654,
        "NIR1": 0.12599075862117032,
        "NIR2": 0.1330643949069202
    }
}