Object,Coastal Blue,Blue,Green,Yellow,Red,Red Edge,NIR1,NIR2
grass,0.02646766233322478,0.03659554364740687,0.08434213380103232,0.05860440960148963,0.040221612105201955,0.25460554425996806,0.46779091630206066,0.507593626996847
dry_grass,0.04842298515032861,0.06299730711051602,0.09040809611887721,0.09820829027792106,0.11170594877718798,0.16755784862355477,0.21584080473031914,0.2504847261513674
weed,0.014672469100085564,0.021368335666646667,0.054456013460395546,0.03727808441348257,0.024367240568723508,0.1831979127887646,0.3444166622049407,0.3666533007105162
concrete,0.1577771463257408,0.18356558464237366,0.23434410898913596,0.2572537017590745,0.2663195229445077,0.2792039104531413,0.28651398435642295,0.29787471032114016
black_asphalt,0.047314714878205794,0.049641520878081456,0.053976916902229624,0.05726462194219374,0.06002921119237022,0.061849491371941866,0.06410433478088043,0.06706338192361044
soil,0.049358664677777844,0.06086794257419843,0.08796019867540975,0.10522833809313578,0.11655734531101808,0.12973643903295176,0.1406486375829855,0.15370322983095283
rough_soil,0.03354869680650276,0.04303974638309761,0.07085053406500522,0.09230807539755904,0.10658006054642422,0.11713229291076654,0.12599075862117032,0.1330643949069202
