{
    "grass": {
        "Coastal Blue": 0.02646766233322478,
        "Blue": 0.03659554364740687,
        "Green": 0.08434213380103234,
        "Yellow": 0.05860440960148963,
        "Red": 0.04022161210520195,
        "Red Edge": 0.25460554425996806,
        "NIR1": 0.46779091630206066,
        "NIR2": 0.5075936269968471
    },
    "dry_grass": {
        "Coastal Blue": 0.04842298515032861,
        "Blue": 0.06299730711051602,
        "Green": 0.0904080961188772,
        "Yellow": 0.09820829027792106,
        "Red": 0.11170594877718801,
        "Red Edge": 0.16755784862355477,
        "NIR1": 0.21584080473031908,
        "NIR2": 0.2504847261513674
    },
    "weed": {
        "Coastal Blue": 0.014672469100085564,
        "Blue": 0.02136833566664667,
        "Green": 0.05445601346039556,
        "Yellow": 0.03727808441348257,
        "Red": 0.02436724056872351,
        "Red Edge": 0.1831979127887646,
        "NIR1": 0.34441666220494066,
        "NIR2": 0.3666533007105162
    },
    "concrete": {
        "Coastal Blue": 0.1577771463257408,
        "Blue": 0.18356558464237366,
        "Green": 0.2343441089891359,
        "Yellow": 0.25725370175907447,
        "Red": 0.2663195229445078,
        "Red Edge": 0.2792039104531413,
        "NIR1": 0.2865139843564229,
        "NIR2": 0.29787471032114016
    },
    "black_asphalt": {
        "Coastal Blue": 0.04731471487820579,
        "Blue": 0.049641520878081456,
        "Green": 0.05397691690222963,
        "Yellow": 0.05726462194219374,
        "Red": 0.06002921119237024,
        "Red Edge": 0.06184949137194188,
        "NIR1": 0.06410433478088044,
        "NIR2": 0.06706338192361044
    },
    "soil": {
        "Coastal Blue": 0.049358664677777844,
        "Blue": 0.06086794257419843,
        "Green": 0.08796019867540975,
        "Yellow": 0.10522833809313578,
        "Red": 0.11655734531101804,
        "Red Edge": 0.12973643903295176,
        "NIR1": 0.1406486375829855,
        "NIR2": 0.15370322983095286
    },
    "rough_soil": {
        "Coastal Blue": 0.033548696806502756,
        "Blue": 0.04303974638309761,
        "Green": 0.0708505340650052,
        "Yellow": 0.09230807539755904,
        "Red": 0.10658006054642424,
        "Red Edge": 0.11713229291076654,
        "NIR1": 0.12599075862117032,
        "NIR2": 0.1330643949069202
    }
}